",""Sample_ID"",""treatment"",""time"",""mortality"",""treatment_time"",""genotype"",""rack"",""season"",""batch"",""PCR"",""dominant_clade"",""C161"",""C163b"",""C17"",""C17.2"",""C17a"",""C21"",""C21.11"",""C21.14"",""C26.b1"",""C26.b2"",""C2r"",""C31"",""C31.1"",""C31.10"",""C31.5"",""C31.6"",""C31.9"",""C31a"",""C31c"",""C31d"",""C3d"",""D1"",""D1.6"",""D10"",""D11"",""D17"",""D1a"",""D2.2"",""D3"",""D4"",""D5"",""D6"",""D9"""
"1,""19_C1_T0-18h"",""C"",""t0"",0,""Control_t0"",""G19"",""C1"",""Winter"",""t0_control"",""pcr1"",""C"",""7"",""1"",""89"",""230"",""0"",""9"",""5"",""0"",""24"",""13"",""192"",""63"",""0"",""7"",""11"",""18"",""0"",""52"",""2"",""0"",""277"",""0"",""0"",""0"",""0"",""0"",""0"",""0"",""0"",""0"",""0"",""0"",""0"""
"2,""19_C1_T0+1.5Y"",""C"",""t0+1.5Y"",0,""Control_t0+18m"",""G19"",""C1"",""Winter"",""t0+18m_control"",""pcr4"",""C"",""27"",""11"",""42"",""336"",""0"",""3"",""5"",""0"",""0"",""0"",""286"",""59"",""0"",""1"",""0"",""5"",""4"",""57"",""4"",""0"",""160"",""0"",""0"",""0"",""0"",""0"",""0"",""0"",""0"",""0"",""0"",""0"",""0"""
"3,""19_C1_T0+6M"",""C"",""t0+06m"",0,""Control_t0+06m"",""G19"",""C1"",""Summer"",""t0+06m_control"",""pcr1"",""C"",""79"",""47"",""128"",""168"",""0"",""26"",""19"",""0"",""22"",""15"",""30"",""242"",""0"",""37"",""0"",""58"",""10"",""54"",""46"",""0"",""19"",""0"",""0"",""0"",""0"",""0"",""0"",""0"",""0"",""0"",""0"",""0"",""0"""
"4,""19_C2_T0+1.5Y"",""C"",""t0+1.5Y"",0,""Control_t0+18m"",""G19"",""C2"",""Winter"",""t0+18m_control"",""pcr4"",""C"",""20"",""15"",""47"",""329"",""0"",""5"",""1"",""0"",""0"",""0"",""270"",""51"",""0"",""5"",""0"",""3"",""4"",""56"",""2"",""0"",""192"",""0"",""0"",""0"",""0"",""0"",""0"",""0"",""0"",""0"",""0"",""0"",""0"""
"5,""19_C2_T0+6M"",""C"",""t0+06m"",0,""Control_t0+06m"",""G19"",""C2"",""Summer"",""t0+06m_control"",""pcr2"",""C"",""21"",""24"",""74"",""242"",""0"",""7"",""10"",""0"",""0"",""0"",""220"",""80"",""10"",""8"",""0"",""12"",""10"",""66"",""11"",""0"",""205"",""0"",""0"",""0"",""0"",""0"",""0"",""0"",""0"",""0"",""0"",""0"",""0"""
"6,""19_S1_T0-18h"",""S"",""t0"",0,""Shade_t0"",""G19"",""S1"",""Winter"",""t0_shade"",""pcr1"",""C"",""8"",""3"",""80"",""231"",""0"",""4"",""4"",""0"",""29"",""19"",""194"",""59"",""0"",""7"",""0"",""25"",""4"",""75"",""6"",""0"",""252"",""0"",""0"",""0"",""0"",""0"",""0"",""0"",""0"",""0"",""0"",""0"",""0"""
"7,""19_S1_T0+6M"",""S"",""t0+06m"",0,""Shade_t0+06m"",""G19"",""S1"",""Summer"",""t0+06m_shade"",""pcr1"",""C"",""81"",""58"",""113"",""163"",""0"",""24"",""24"",""0"",""34"",""0"",""39"",""260"",""0"",""35"",""0"",""51"",""0"",""47"",""51"",""0"",""20"",""0"",""0"",""0"",""0"",""0"",""0"",""0"",""0"",""0"",""0"",""0"",""0"""
"8,""19_S2_T0-18h"",""S"",""t0"",0,""Shade_t0"",""G19"",""S2"",""Winter"",""t0_shade"",""pcr2"",""C"",""81"",""50"",""89"",""195"",""0"",""26"",""15"",""19"",""0"",""0"",""41"",""183"",""0"",""52"",""29"",""22"",""80"",""23"",""32"",""0"",""32"",""0"",""0"",""0"",""0"",""31"",""0"",""0"",""0"",""0"",""0"",""0"",""0"""
"9,""19_S2_T0+1.5Y"",""S"",""t0+1.5Y"",0,""Shade_t0+18m"",""G19"",""S2"",""Winter"",""t0+18m_shade"",""pcr4"",""C"",""27"",""10"",""46"",""345"",""0"",""3"",""6"",""0"",""0"",""0"",""267"",""50"",""0"",""4"",""0"",""6"",""2"",""59"",""0"",""0"",""175"",""0"",""0"",""0"",""0"",""0"",""0"",""0"",""0"",""0"",""0"",""0"",""0"""
"10,""19_S2_T0+6M"",""S"",""t0+06m"",0,""Shade_t0+06m"",""G19"",""S2"",""Summer"",""t0+06m_shade"",""pcr2"",""C"",""16"",""22"",""85"",""275"",""0"",""15"",""0"",""0"",""0"",""0"",""241"",""77"",""0"",""9"",""0"",""18"",""6"",""61"",""7"",""0"",""168"",""0"",""0"",""0"",""0"",""0"",""0"",""0"",""0"",""0"",""0"",""0"",""0"""
"11,""19_S3_T0+1.5Y"",""S"",""t0+1.5Y"",0,""Shade_t0+18m"",""G19"",""S3"",""Winter"",""t0+18m_shade"",""pcr4"",""C"",""24"",""15"",""64"",""320"",""0"",""1"",""0"",""0"",""0"",""0"",""262"",""45"",""0"",""6"",""0"",""6"",""6"",""50"",""5"",""0"",""196"",""0"",""0"",""0"",""0"",""0"",""0"",""0"",""0"",""0"",""0"",""0"",""0"""
"12,""58_C1_T0-18h"",""C"",""t0"",0,""Control_t0"",""G58"",""C1"",""Winter"",""t0_control"",""pcr2"",""D"",""30"",""0"",""0"",""56"",""0"",""0"",""0"",""0"",""0"",""0"",""0"",""61"",""0"",""0"",""0"",""0"",""0"",""0"",""0"",""0"",""0"",""42"",""18"",""17"",""0"",""496"",""132"",""15"",""0"",""0"",""0"",""110"",""23"""
"13,""58_C1_T0+1.5Y"",""C"",""t0+1.5Y"",0.35,""Control_t0+18m"",""G58"",""C1"",""Winter"",""t0+18m_control"",""pcr4"",""D"",""0"",""0"",""0"",""37"",""0"",""0"",""0"",""0"",""0"",""0"",""0"",""5"",""0"",""0"",""0"",""0"",""0"",""0"",""0"",""0"",""0"",""134"",""12"",""103"",""0"",""433"",""55"",""80"",""0"",""0"",""0"",""87"",""54"""
"14,""58_C1_T0+6M"",""C"",""t0+06m"",0,""Control_t0+06m"",""G58"",""C1"",""Summer"",""t0+06m_control"",""pcr2"",""D"",""0"",""0"",""0"",""63"",""0"",""0"",""0"",""0"",""0"",""0"",""0"",""71"",""0"",""0"",""0"",""0"",""0"",""0"",""0"",""0"",""0"",""48"",""17"",""13"",""0"",""507"",""119"",""0"",""0"",""18"",""0"",""124"",""20"""
"15,""58_C2_T0-18h"",""C"",""t0"",0,""Control_t0"",""G58"",""C2"",""Winter"",""t0_control"",""pcr3"",""D"",""3"",""0"",""0"",""74"",""0"",""0"",""0"",""0"",""0"",""0"",""0"",""12"",""0"",""0"",""0"",""0"",""0"",""0"",""0"",""0"",""0"",""131"",""0"",""102"",""0"",""459"",""68"",""0"",""0"",""0"",""0"",""67"",""84"""
"16,""58_C2_T0+6M"",""C"",""t0+06m"",0.85,""Control_t0+06m"",""G58"",""C2"",""Summer"",""t0+06m_control"",""pcr2"",""D"",""7"",""0"",""0"",""71"",""0"",""0"",""0"",""0"",""0"",""0"",""0"",""10"",""0"",""0"",""0"",""0"",""0"",""0"",""0"",""0"",""0"",""108"",""20"",""113"",""0"",""425"",""55"",""68"",""0"",""0"",""0"",""73"",""50"""
"17,""58_S1_T0-18h"",""S"",""t0"",0,""Shade_t0"",""G58"",""S1"",""Winter"",""t0_shade"",""pcr2"",""D"",""9"",""0"",""0"",""71"",""0"",""0"",""0"",""0"",""0"",""0"",""0"",""11"",""0"",""0"",""0"",""0"",""0"",""8"",""0"",""0"",""0"",""113"",""13"",""121"",""0"",""419"",""60"",""51"",""0"",""0"",""0"",""68"",""56"""
"18,""58_S1_T0+1.5Y"",""S"",""t0+1.5Y"",0.05,""Shade_t0+18m"",""G58"",""S1"",""Winter"",""t0+18m_shade"",""pcr4"",""D"",""0"",""0"",""0"",""34"",""0"",""0"",""0"",""0"",""0"",""0"",""0"",""12"",""0"",""0"",""0"",""0"",""0"",""0"",""0"",""0"",""0"",""110"",""12"",""110"",""0"",""469"",""55"",""56"",""0"",""0"",""0"",""92"",""50"""
"19,""58_S1_T0+6M"",""S"",""t0+06m"",0.15,""Shade_t0+06m"",""G58"",""S1"",""Summer"",""t0+06m_shade"",""pcr2"",""D"",""32"",""0"",""0"",""50"",""0"",""0"",""0"",""0"",""0"",""0"",""0"",""46"",""0"",""0"",""0"",""0"",""0"",""0"",""0"",""0"",""0"",""52"",""16"",""19"",""0"",""529"",""135"",""0"",""0"",""0"",""0"",""102"",""19"""
"20,""58_S2_T0-18h"",""S"",""t0"",0,""Shade_t0"",""G58"",""S2"",""Winter"",""t0_shade"",""pcr2"",""D"",""7"",""0"",""0"",""68"",""0"",""0"",""0"",""0"",""0"",""0"",""0"",""25"",""0"",""0"",""0"",""0"",""0"",""0"",""0"",""0"",""0"",""127"",""22"",""99"",""9"",""402"",""50"",""59"",""0"",""0"",""0"",""85"",""47"""
"21,""58_S2_T0+6M"",""S"",""t0+06m"",0.45,""Shade_t0+06m"",""G58"",""S2"",""Summer"",""t0+06m_shade"",""pcr2"",""D"",""4"",""0"",""0"",""71"",""0"",""0"",""0"",""0"",""0"",""0"",""0"",""16"",""0"",""0"",""0"",""0"",""0"",""0"",""0"",""0"",""0"",""122"",""13"",""104"",""0"",""418"",""57"",""46"",""0"",""0"",""0"",""86"",""63"""
"22,""58_S3_T0+1.5Y"",""S"",""t0+1.5Y"",0,""Shade_t0+18m"",""G58"",""S3"",""Winter"",""t0+18m_shade"",""pcr4"",""D"",""0"",""0"",""0"",""32"",""0"",""0"",""0"",""0"",""0"",""0"",""0"",""10"",""0"",""0"",""0"",""0"",""0"",""0"",""0"",""0"",""0"",""122"",""13"",""104"",""0"",""438"",""63"",""73"",""0"",""0"",""0"",""78"",""67"""
"23,""58_S3_T0+6M"",""S"",""t0+06m"",0.3,""Shade_t0+06m"",""G58"",""S3"",""Summer"",""t0+06m_shade"",""pcr3"",""D"",""0"",""0"",""0"",""0"",""0"",""0"",""0"",""0"",""0"",""0"",""0"",""0"",""0"",""0"",""0"",""0"",""0"",""0"",""0"",""0"",""0"",""256"",""0"",""0"",""0"",""492"",""73"",""0"",""0"",""0"",""0"",""104"",""75"""
"24,""60_C1_T0-18h"",""C"",""t0"",0,""Control_t0"",""G60"",""C1"",""Winter"",""t0_control"",""pcr1"",""D"",""0"",""0"",""0"",""0"",""0"",""0"",""0"",""0"",""0"",""0"",""0"",""0"",""0"",""0"",""0"",""0"",""0"",""0"",""0"",""0"",""0"",""107"",""8"",""110"",""0"",""462"",""53"",""56"",""14"",""9"",""50"",""87"",""44"""
"25,""60_C1_T0+1.5Y"",""C"",""t0+1.5Y"",0,""Control_t0+18m"",""G60"",""C1"",""Winter"",""t0+18m_control"",""pcr4"",""D"",""0"",""0"",""0"",""27"",""0"",""0"",""0"",""0"",""0"",""0"",""0"",""7"",""0"",""0"",""0"",""0"",""0"",""0"",""0"",""0"",""0"",""124"",""15"",""133"",""0"",""448"",""80"",""0"",""0"",""0"",""0"",""88"",""78"""
"26,""60_C1_T0+6M"",""C"",""t0+06m"",0,""Control_t0+06m"",""G60"",""C1"",""Summer"",""t0+06m_control"",""pcr1"",""D"",""0"",""0"",""0"",""72"",""0"",""0"",""0"",""0"",""0"",""0"",""0"",""0"",""0"",""0"",""0"",""0"",""0"",""0"",""0"",""0"",""0"",""118"",""6"",""30"",""0"",""386"",""154"",""26"",""10"",""0"",""16"",""134"",""48"""
"27,""60_C2_T0+1.5Y"",""C"",""t0+1.5Y"",0,""Control_t0+18m"",""G60"",""C2"",""Winter"",""t0+18m_control"",""pcr4"",""D"",""0"",""0"",""0"",""30"",""0"",""0"",""0"",""0"",""0"",""0"",""0"",""4"",""0"",""0"",""0"",""0"",""0"",""0"",""0"",""0"",""0"",""130"",""12"",""122"",""0"",""423"",""50"",""55"",""0"",""0"",""0"",""98"",""76"""
"28,""60_C2_T0+6M"",""C"",""t0+06m"",0.5,""Control_t0+06m"",""G60"",""C2"",""Summer"",""t0+06m_control"",""pcr2"",""D"",""3"",""0"",""0"",""71"",""0"",""0"",""0"",""0"",""0"",""0"",""0"",""13"",""0"",""0"",""0"",""0"",""0"",""0"",""0"",""0"",""0"",""124"",""10"",""122"",""0"",""435"",""20"",""48"",""0"",""0"",""37"",""74"",""43"""
"29,""60_C3_T0+1.5Y"",""C"",""t0+1.5Y"",1,""Control_t0+18m"",""G60"",""C3"",""Winter"",""t0+18m_control"",""pcr4"",""D"",""0"",""0"",""0"",""52"",""0"",""0"",""0"",""0"",""0"",""0"",""0"",""6"",""0"",""0"",""0"",""0"",""0"",""0"",""0"",""0"",""0"",""238"",""0"",""0"",""0"",""439"",""56"",""61"",""0"",""0"",""0"",""83"",""65"""
"30,""60_S1_T0-18h"",""S"",""t0"",0,""Shade_t0"",""G60"",""S1"",""Winter"",""t0_shade"",""pcr1"",""D"",""0"",""0"",""0"",""0"",""0"",""0"",""0"",""0"",""0"",""0"",""0"",""0"",""0"",""0"",""0"",""0"",""0"",""0"",""0"",""0"",""0"",""134"",""6"",""144"",""0"",""453"",""40"",""46"",""0"",""0"",""55"",""79"",""43"""
"31,""60_S1_T0+1.5Y"",""S"",""t0+1.5Y"",0,""Shade_t0+18m"",""G60"",""S1"",""Winter"",""t0+18m_shade"",""pcr4"",""D"",""0"",""0"",""0"",""25"",""0"",""0"",""0"",""0"",""0"",""0"",""0"",""8"",""0"",""0"",""0"",""0"",""0"",""0"",""0"",""0"",""0"",""120"",""15"",""127"",""0"",""467"",""79"",""0"",""0"",""0"",""0"",""85"",""74"""
"32,""60_S1_T0+6M"",""S"",""t0+06m"",0,""Shade_t0+06m"",""G60"",""S1"",""Summer"",""t0+06m_shade"",""pcr1"",""D"",""0"",""0"",""0"",""0"",""0"",""0"",""0"",""0"",""0"",""0"",""0"",""0"",""0"",""0"",""0"",""0"",""0"",""0"",""0"",""0"",""0"",""119"",""7"",""44"",""0"",""436"",""174"",""17"",""9"",""0"",""12"",""138"",""44"""
"33,""60_S2_T0-18h"",""S"",""t0"",0,""Shade_t0"",""G60"",""S2"",""Winter"",""t0_shade"",""pcr2"",""D"",""40"",""0"",""0"",""66"",""0"",""0"",""0"",""0"",""0"",""0"",""0"",""64"",""0"",""0"",""0"",""0"",""0"",""0"",""0"",""0"",""0"",""48"",""14"",""12"",""0"",""470"",""136"",""13"",""0"",""0"",""8"",""110"",""19"""
"34,""60_S2_T0+6M"",""S"",""t0+06m"",0.65,""Shade_t0+06m"",""G60"",""S2"",""Summer"",""t0+06m_shade"",""pcr2"",""D"",""0"",""0"",""0"",""58"",""0"",""0"",""0"",""0"",""0"",""0"",""0"",""25"",""0"",""0"",""0"",""0"",""0"",""0"",""0"",""0"",""0"",""139"",""0"",""115"",""0"",""407"",""67"",""57"",""0"",""0"",""0"",""72"",""60"""
"36,""62_C1_T0-18h"",""C"",""t0"",0,""Control_t0"",""G62"",""C1"",""Winter"",""t0_control"",""pcr1"",""C"",""5"",""4"",""94"",""199"",""9"",""8"",""9"",""0"",""32"",""10"",""220"",""41"",""0"",""4"",""0"",""22"",""6"",""34"",""6"",""0"",""297"",""0"",""0"",""0"",""0"",""0"",""0"",""0"",""0"",""0"",""0"",""0"",""0"""
"37,""62_C1_T0+1.5Y"",""C"",""t0+1.5Y"",0,""Control_t0+18m"",""G62"",""C1"",""Winter"",""t0+18m_control"",""pcr4"",""C"",""10"",""14"",""45"",""281"",""0"",""0"",""4"",""3"",""0"",""0"",""308"",""30"",""0"",""1"",""0"",""0"",""0"",""37"",""4"",""0"",""263"",""0"",""0"",""0"",""0"",""0"",""0"",""0"",""0"",""0"",""0"",""0"",""0"""
"38,""62_C1_T0+6M"",""C"",""t0+06m"",0,""Control_t0+06m"",""G62"",""C1"",""Summer"",""t0+06m_control"",""pcr2"",""C"",""22"",""27"",""68"",""231"",""0"",""7"",""5"",""6"",""0"",""0"",""273"",""43"",""0"",""3"",""0"",""12"",""7"",""47"",""10"",""0"",""210"",""0"",""0"",""0"",""0"",""29"",""0"",""0"",""0"",""0"",""0"",""0"",""0"""
"39,""62_C2_T0+6M"",""C"",""t0+06m"",0.5,""Control_t0+06m"",""G62"",""C2"",""Summer"",""t0+06m_control"",""pcr2"",""C"",""15"",""16"",""63"",""277"",""0"",""6"",""4"",""0"",""0"",""0"",""234"",""59"",""0"",""14"",""7"",""21"",""14"",""68"",""14"",""0"",""158"",""0"",""0"",""0"",""0"",""30"",""0"",""0"",""0"",""0"",""0"",""0"",""0"""
"40,""62_C3_T0+1.5Y"",""C"",""t0+1.5Y"",0.7,""Control_t0+18m"",""G62"",""C3"",""Winter"",""t0+18m_control"",""pcr4"",""C"",""18"",""15"",""47"",""250"",""0"",""1"",""7"",""0"",""0"",""0"",""326"",""33"",""0"",""8"",""0"",""0"",""0"",""36"",""3"",""0"",""256"",""0"",""0"",""0"",""0"",""0"",""0"",""0"",""0"",""0"",""0"",""0"",""0"""
"41,""62_S1_T0-18h"",""S"",""t0"",0,""Shade_t0"",""G62"",""S1"",""Winter"",""t0_shade"",""pcr1"",""C"",""2"",""2"",""83"",""259"",""0"",""3"",""3"",""0"",""30"",""15"",""182"",""49"",""0"",""9"",""0"",""22"",""11"",""50"",""10"",""0"",""270"",""0"",""0"",""0"",""0"",""0"",""0"",""0"",""0"",""0"",""0"",""0"",""0"""
"42,""62_S1_T0+1.5Y"",""S"",""t0+1.5Y"",0.35,""Shade_t0+18m"",""G62"",""S1"",""Winter"",""t0+18m_shade"",""pcr4"",""C"",""24"",""3"",""44"",""375"",""0"",""5"",""2"",""0"",""0"",""0"",""0"",""65"",""0"",""5"",""0"",""0"",""6"",""52"",""2"",""0"",""417"",""0"",""0"",""0"",""0"",""0"",""0"",""0"",""0"",""0"",""0"",""0"",""0"""
"43,""62_S2_T0-18h"",""S"",""t0"",0,""Shade_t0"",""G62"",""S2"",""Winter"",""t0_shade"",""pcr2"",""C"",""12"",""16"",""60"",""292"",""0"",""11"",""0"",""5"",""0"",""0"",""226"",""80"",""0"",""9"",""0"",""0"",""9"",""72"",""12"",""0"",""165"",""0"",""0"",""0"",""0"",""31"",""0"",""0"",""0"",""0"",""0"",""0"",""0"""
"44,""62_S2_T0+1.5Y"",""S"",""t0+1.5Y"",0,""Shade_t0+18m"",""G62"",""S2"",""Winter"",""t0+18m_shade"",""pcr4"",""C"",""22"",""17"",""44"",""347"",""0"",""2"",""3"",""0"",""0"",""0"",""261"",""48"",""0"",""5"",""0"",""3"",""11"",""59"",""4"",""0"",""174"",""0"",""0"",""0"",""0"",""0"",""0"",""0"",""0"",""0"",""0"",""0"",""0"""
"45,""62_S2_T0+6M"",""S"",""t0+06m"",0,""Shade_t0+06m"",""G62"",""S2"",""Summer"",""t0+06m_shade"",""pcr2"",""C"",""0"",""47"",""595"",""0"",""0"",""0"",""0"",""0"",""0"",""0"",""0"",""0"",""0"",""56"",""0"",""256"",""46"",""0"",""0"",""0"",""0"",""0"",""0"",""0"",""0"",""0"",""0"",""0"",""0"",""0"",""0"",""0"",""0"""
"46,""64_C1_T0-18h"",""C"",""t0"",0,""Control_t0"",""G64"",""C1"",""Winter"",""t0_control"",""pcr1"",""C"",""2"",""8"",""88"",""208"",""0"",""4"",""7"",""0"",""25"",""21"",""219"",""52"",""0"",""7"",""4"",""24"",""2"",""60"",""4"",""0"",""265"",""0"",""0"",""0"",""0"",""0"",""0"",""0"",""0"",""0"",""0"",""0"",""0"""
"47,""64_C1_T0+1.5Y"",""C"",""t0+1.5Y"",0,""Control_t0+18m"",""G64"",""C1"",""Winter"",""t0+18m_control"",""pcr4"",""C"",""12"",""8"",""60"",""308"",""0"",""1"",""4"",""0"",""0"",""0"",""319"",""53"",""0"",""4"",""0"",""3"",""3"",""47"",""5"",""0"",""173"",""0"",""0"",""0"",""0"",""0"",""0"",""0"",""0"",""0"",""0"",""0"",""0"""
"48,""64_C1_T0+6M"",""C"",""t0+06m"",0.45,""Control_t0+06m"",""G64"",""C1"",""Summer"",""t0+06m_control"",""pcr1"",""C"",""138"",""0"",""185"",""0"",""16"",""38"",""32"",""13"",""31"",""24"",""0"",""0"",""0"",""332"",""0"",""0"",""0"",""0"",""154"",""0"",""37"",""0"",""0"",""0"",""0"",""0"",""0"",""0"",""0"",""0"",""0"",""0"",""0"""
"49,""64_C2_T0+1.5Y"",""C"",""t0+1.5Y"",0,""Control_t0+18m"",""G64"",""C2"",""Winter"",""t0+18m_control"",""pcr4"",""C"",""16"",""16"",""51"",""293"",""0"",""3"",""4"",""0"",""0"",""0"",""314"",""36"",""0"",""7"",""24"",""0"",""13"",""38"",""7"",""0"",""178"",""0"",""0"",""0"",""0"",""0"",""0"",""0"",""0"",""0"",""0"",""0"",""0"""
"50,""64_C2_T0+6M"",""C"",""t0+06m"",0,""Control_t0+06m"",""G64"",""C2"",""Summer"",""t0+06m_control"",""pcr2"",""C"",""18"",""20"",""67"",""256"",""0"",""8"",""4"",""5"",""0"",""0"",""235"",""40"",""0"",""13"",""17"",""13"",""22"",""27"",""12"",""0"",""208"",""0"",""0"",""0"",""0"",""35"",""0"",""0"",""0"",""0"",""0"",""0"",""0"""
"51,""64_C3_T0+1.5Y"",""C"",""t0+1.5Y"",0,""Control_t0+18m"",""G64"",""C3"",""Winter"",""t0+18m_control"",""pcr4"",""C"",""28"",""22"",""33"",""295"",""0"",""2"",""3"",""0"",""0"",""0"",""352"",""92"",""0"",""2"",""4"",""0"",""1"",""0"",""1"",""0"",""165"",""0"",""0"",""0"",""0"",""0"",""0"",""0"",""0"",""0"",""0"",""0"",""0"""
"52,""64_S1_T0+1.5Y"",""S"",""t0+1.5Y"",0,""Shade_t0+18m"",""G64"",""S1"",""Winter"",""t0+18m_shade"",""pcr4"",""C"",""18"",""7"",""118"",""590"",""0"",""0"",""0"",""0"",""0"",""0"",""0"",""82"",""69"",""5"",""7"",""4"",""0"",""92"",""8"",""0"",""0"",""0"",""0"",""0"",""0"",""0"",""0"",""0"",""0"",""0"",""0"",""0"",""0"""
"53,""64_S1_T0+6M"",""S"",""t0+06m"",0,""Shade_t0+06m"",""G64"",""S1"",""Summer"",""t0+06m_shade"",""pcr1"",""C"",""40"",""33"",""86"",""98"",""0"",""11"",""0"",""0"",""18"",""10"",""13"",""343"",""79"",""43"",""14"",""74"",""0"",""60"",""70"",""0"",""8"",""0"",""0"",""0"",""0"",""0"",""0"",""0"",""0"",""0"",""0"",""0"",""0"""
"54,""64_S2_T0-18h"",""S"",""t0"",0,""Shade_t0"",""G64"",""S2"",""Winter"",""t0_shade"",""pcr2"",""C"",""74"",""56"",""71"",""146"",""0"",""25"",""19"",""0"",""0"",""0"",""57"",""313"",""0"",""50"",""20"",""19"",""29"",""32"",""37"",""0"",""18"",""0"",""0"",""0"",""0"",""34"",""0"",""0"",""0"",""0"",""0"",""0"",""0"""
"55,""64_S2_T0+1.5Y"",""S"",""t0+1.5Y"",0,""Shade_t0+18m"",""G64"",""S2"",""Winter"",""t0+18m_shade"",""pcr4"",""C"",""17"",""10"",""49"",""309"",""0"",""4"",""4"",""0"",""0"",""0"",""314"",""48"",""0"",""6"",""0"",""0"",""4"",""68"",""2"",""0"",""165"",""0"",""0"",""0"",""0"",""0"",""0"",""0"",""0"",""0"",""0"",""0"",""0"""
"56,""64_S2_T0+6M"",""S"",""t0+06m"",0,""Shade_t0+06m"",""G64"",""S2"",""Summer"",""t0+06m_shade"",""pcr2"",""C"",""23"",""9"",""59"",""244"",""0"",""11"",""5"",""0"",""0"",""0"",""284"",""64"",""0"",""18"",""8"",""12"",""0"",""62"",""8"",""0"",""164"",""0"",""0"",""0"",""0"",""29"",""0"",""0"",""0"",""0"",""0"",""0"",""0"""
"57,""64Y_C1_T0-18h"",""C"",""t0"",0,""Control_t0"",""G64Y"",""C1"",""Winter"",""t0_control"",""pcr1"",""C"",""2"",""6"",""91"",""238"",""14"",""6"",""7"",""0"",""16"",""16"",""197"",""37"",""0"",""4"",""0"",""15"",""1"",""48"",""9"",""0"",""293"",""0"",""0"",""0"",""0"",""0"",""0"",""0"",""0"",""0"",""0"",""0"",""0"""
"58,""64Y_C1_T0+1.5Y"",""C"",""t0+1.5Y"",0,""Control_t0+18m"",""G64Y"",""C1"",""Winter"",""t0+18m_control"",""pcr4"",""C"",""14"",""13"",""42"",""304"",""0"",""2"",""4"",""0"",""0"",""0"",""317"",""47"",""0"",""3"",""0"",""0"",""3"",""43"",""1"",""0"",""207"",""0"",""0"",""0"",""0"",""0"",""0"",""0"",""0"",""0"",""0"",""0"",""0"""
"59,""64Y_C1_T0+6M"",""C"",""t0+06m"",0,""Control_t0+06m"",""G64Y"",""C1"",""Summer"",""t0+06m_control"",""pcr1"",""C"",""89"",""50"",""166"",""231"",""0"",""20"",""15"",""0"",""17"",""22"",""32"",""176"",""0"",""38"",""0"",""44"",""0"",""38"",""35"",""0"",""27"",""0"",""0"",""0"",""0"",""0"",""0"",""0"",""0"",""0"",""0"",""0"",""0"""
"60,""64Y_C2_T0+6M"",""C"",""t0+06m"",0,""Control_t0+06m"",""G64Y"",""C2"",""Summer"",""t0+06m_control"",""pcr2"",""C"",""17"",""13"",""57"",""269"",""0"",""10"",""0"",""0"",""0"",""0"",""256"",""48"",""0"",""12"",""0"",""8"",""10"",""72"",""10"",""0"",""190"",""0"",""0"",""0"",""0"",""28"",""0"",""0"",""0"",""0"",""0"",""0"",""0"""
"61,""64Y_C3_T0+1.5Y"",""C"",""t0+1.5Y"",0,""Control_t0+18m"",""G64Y"",""C3"",""Winter"",""t0+18m_control"",""pcr4"",""C"",""25"",""13"",""55"",""285"",""0"",""0"",""0"",""0"",""0"",""0"",""350"",""34"",""0"",""6"",""0"",""0"",""0"",""44"",""5"",""0"",""183"",""0"",""0"",""0"",""0"",""0"",""0"",""0"",""0"",""0"",""0"",""0"",""0"""
"62,""64Y_S1_T0-18h"",""S"",""t0"",0,""Shade_t0"",""G64Y"",""S1"",""Winter"",""t0_shade"",""pcr1"",""C"",""2"",""3"",""112"",""242"",""0"",""5"",""7"",""0"",""22"",""18"",""189"",""41"",""0"",""9"",""0"",""14"",""2"",""34"",""7"",""0"",""293"",""0"",""0"",""0"",""0"",""0"",""0"",""0"",""0"",""0"",""0"",""0"",""0"""
"63,""64Y_S1_T0+1.5Y"",""S"",""t0+1.5Y"",0,""Shade_t0+18m"",""G64Y"",""S1"",""Winter"",""t0+18m_shade"",""pcr4"",""C"",""11"",""15"",""47"",""302"",""0"",""3"",""2"",""0"",""0"",""0"",""326"",""40"",""0"",""3"",""0"",""0"",""0"",""44"",""5"",""0"",""202"",""0"",""0"",""0"",""0"",""0"",""0"",""0"",""0"",""0"",""0"",""0"",""0"""
"64,""64Y_S1_T0+6M"",""S"",""t0+06m"",0,""Shade_t0+06m"",""G64Y"",""S1"",""Summer"",""t0+06m_shade"",""pcr1"",""C"",""101"",""44"",""134"",""237"",""0"",""23"",""23"",""0"",""17"",""24"",""37"",""192"",""0"",""38"",""0"",""50"",""0"",""20"",""34"",""0"",""26"",""0"",""0"",""0"",""0"",""0"",""0"",""0"",""0"",""0"",""0"",""0"",""0"""
"65,""64Y_S2_T0-18h"",""S"",""t0"",0,""Shade_t0"",""G64Y"",""S2"",""Winter"",""t0_shade"",""pcr2"",""C"",""82"",""37"",""109"",""233"",""0"",""23"",""0"",""18"",""0"",""0"",""63"",""215"",""20"",""33"",""14"",""16"",""16"",""26"",""29"",""0"",""33"",""0"",""0"",""0"",""0"",""33"",""0"",""0"",""0"",""0"",""0"",""0"",""0"""
"66,""64Y_S2_T0+1.5Y"",""S"",""t0+1.5Y"",0.25,""Shade_t0+18m"",""G64Y"",""S2"",""Winter"",""t0+18m_shade"",""pcr4"",""C"",""20"",""22"",""64"",""0"",""0"",""7"",""0"",""0"",""0"",""0"",""456"",""40"",""0"",""7"",""0"",""0"",""0"",""65"",""8"",""0"",""311"",""0"",""0"",""0"",""0"",""0"",""0"",""0"",""0"",""0"",""0"",""0"",""0"""
"67,""64Y_S2_T0+6M"",""S"",""t0+06m"",0.3,""Shade_t0+06m"",""G64Y"",""S2"",""Summer"",""t0+06m_shade"",""pcr2"",""C"",""15"",""16"",""72"",""260"",""0"",""6"",""0"",""4"",""0"",""0"",""244"",""55"",""8"",""8"",""0"",""13"",""8"",""47"",""11"",""0"",""199"",""0"",""0"",""0"",""0"",""34"",""0"",""0"",""0"",""0"",""0"",""0"",""0"""
"68,""90_C1_T0-18h"",""C"",""t0"",0,""Control_t0"",""G90"",""C1"",""Winter"",""t0_control"",""pcr1"",""C"",""3"",""5"",""97"",""233"",""0"",""4"",""9"",""0"",""27"",""18"",""196"",""33"",""0"",""8"",""21"",""14"",""20"",""39"",""1"",""0"",""272"",""0"",""0"",""0"",""0"",""0"",""0"",""0"",""0"",""0"",""0"",""0"",""0"""
"69,""90_C1_T0+1.5Y"",""C"",""t0+1.5Y"",0,""Control_t0+18m"",""G90"",""C1"",""Winter"",""t0+18m_control"",""pcr4"",""C"",""20"",""3"",""48"",""269"",""0"",""3"",""2"",""2"",""0"",""0"",""308"",""59"",""0"",""5"",""28"",""0"",""10"",""0"",""4"",""0"",""239"",""0"",""0"",""0"",""0"",""0"",""0"",""0"",""0"",""0"",""0"",""0"",""0"""
"70,""90_C1_T0+6M"",""C"",""t0+06m"",0,""Control_t0+06m"",""G90"",""C1"",""Summer"",""t0+06m_control"",""pcr2"",""C"",""11"",""25"",""71"",""262"",""0"",""8"",""4"",""5"",""0"",""0"",""257"",""35"",""0"",""13"",""21"",""9"",""14"",""36"",""6"",""0"",""223"",""0"",""0"",""0"",""0"",""0"",""0"",""0"",""0"",""0"",""0"",""0"",""0"""
"71,""90_C2_T0+1.5Y"",""C"",""t0+1.5Y"",0,""Control_t0+18m"",""G90"",""C2"",""Winter"",""t0+18m_control"",""pcr4"",""C"",""11"",""8"",""58"",""302"",""0"",""2"",""2"",""0"",""0"",""0"",""316"",""58"",""0"",""5"",""0"",""2"",""4"",""59"",""6"",""0"",""167"",""0"",""0"",""0"",""0"",""0"",""0"",""0"",""0"",""0"",""0"",""0"",""0"""
"72,""90_C2_T0+6M"",""C"",""t0+06m"",0,""Control_t0+06m"",""G90"",""C2"",""Summer"",""t0+06m_control"",""pcr2"",""C"",""23"",""22"",""62"",""256"",""0"",""16"",""9"",""0"",""0"",""0"",""243"",""79"",""7"",""14"",""8"",""14"",""9"",""67"",""10"",""0"",""161"",""0"",""0"",""0"",""0"",""0"",""0"",""0"",""0"",""0"",""0"",""0"",""0"""
"73,""90_C3_T0+1.5Y"",""C"",""t0+1.5Y"",0,""Control_t0+18m"",""G90"",""C3"",""Winter"",""t0+18m_control"",""pcr4"",""C"",""6"",""17"",""50"",""302"",""0"",""6"",""8"",""0"",""0"",""0"",""320"",""63"",""0"",""4"",""21"",""0"",""10"",""0"",""4"",""0"",""189"",""0"",""0"",""0"",""0"",""0"",""0"",""0"",""0"",""0"",""0"",""0"",""0"""
"74,""90_S1_T0-18h"",""S"",""t0"",0,""Shade_t0"",""G90"",""S1"",""Winter"",""t0_shade"",""pcr1"",""C"",""3"",""4"",""98"",""191"",""0"",""5"",""5"",""0"",""20"",""16"",""236"",""25"",""0"",""11"",""11"",""13"",""16"",""26"",""5"",""0"",""315"",""0"",""0"",""0"",""0"",""0"",""0"",""0"",""0"",""0"",""0"",""0"",""0"""
"75,""90_S1_T0+1.5Y"",""S"",""t0+1.5Y"",0,""Shade_t0+18m"",""G90"",""S1"",""Winter"",""t0+18m_shade"",""pcr4"",""C"",""21"",""9"",""49"",""281"",""0"",""3"",""5"",""0"",""0"",""0"",""330"",""73"",""0"",""11"",""22"",""0"",""12"",""0"",""3"",""0"",""181"",""0"",""0"",""0"",""0"",""0"",""0"",""0"",""0"",""0"",""0"",""0"",""0"""
"76,""90_S1_T0+6M"",""S"",""t0+06m"",0,""Shade_t0+06m"",""G90"",""S1"",""Summer"",""t0+06m_shade"",""pcr1"",""C"",""1"",""2"",""87"",""217"",""0"",""5"",""9"",""0"",""27"",""20"",""176"",""28"",""0"",""13"",""20"",""18"",""19"",""44"",""11"",""0"",""303"",""0"",""0"",""0"",""0"",""0"",""0"",""0"",""0"",""0"",""0"",""0"",""0"""
"77,""90_S2_T0+1.5Y"",""S"",""t0+1.5Y"",0,""Shade_t0+18m"",""G90"",""S2"",""Winter"",""t0+18m_shade"",""pcr4"",""C"",""19"",""17"",""51"",""290"",""0"",""0"",""6"",""2"",""0"",""0"",""313"",""30"",""0"",""5"",""26"",""0"",""13"",""22"",""2"",""0"",""204"",""0"",""0"",""0"",""0"",""0"",""0"",""0"",""0"",""0"",""0"",""0"",""0"""
"78,""90_S2_T0+6M"",""S"",""t0+06m"",0,""Shade_t0+06m"",""G90"",""S2"",""Summer"",""t0+06m_shade"",""pcr2"",""C"",""13"",""23"",""56"",""230"",""0"",""8"",""6"",""1"",""0"",""0"",""239"",""41"",""0"",""20"",""20"",""15"",""26"",""51"",""5"",""0"",""203"",""0"",""0"",""0"",""0"",""43"",""0"",""0"",""0"",""0"",""0"",""0"",""0"""
"79,""90_S3_T0-18h"",""S"",""t0"",0,""Shade_t0"",""G90"",""S3"",""Winter"",""t0_shade"",""pcr3"",""C"",""7"",""8"",""41"",""219"",""0"",""4"",""0"",""0"",""0"",""0"",""362"",""46"",""0"",""7"",""24"",""0"",""19"",""0"",""0"",""0"",""263"",""0"",""0"",""0"",""0"",""0"",""0"",""0"",""0"",""0"",""0"",""0"",""0"""
"80,""92_C1_T0-18h"",""C"",""t0"",0,""Control_t0"",""G92"",""C1"",""Winter"",""t0_control"",""pcr1"",""C"",""5"",""3"",""108"",""220"",""13"",""5"",""6"",""0"",""16"",""16"",""245"",""30"",""0"",""3"",""0"",""8"",""0"",""22"",""7"",""0"",""293"",""0"",""0"",""0"",""0"",""0"",""0"",""0"",""0"",""0"",""0"",""0"",""0"""
"81,""92_C1_T0+1.5Y"",""C"",""t0+1.5Y"",0,""Control_t0+18m"",""G92"",""C1"",""Winter"",""t0+18m_control"",""pcr4"",""C"",""22"",""16"",""49"",""244"",""0"",""6"",""6"",""0"",""0"",""0"",""341"",""26"",""0"",""4"",""0"",""0"",""0"",""30"",""6"",""0"",""250"",""0"",""0"",""0"",""0"",""0"",""0"",""0"",""0"",""0"",""0"",""0"",""0"""
"82,""92_C1_T0+6M"",""C"",""t0+06m"",0,""Control_t0+06m"",""G92"",""C1"",""Summer"",""t0+06m_control"",""pcr1"",""C"",""5"",""1"",""103"",""194"",""10"",""8"",""8"",""0"",""22"",""18"",""249"",""28"",""0"",""4"",""0"",""16"",""0"",""20"",""2"",""0"",""312"",""0"",""0"",""0"",""0"",""0"",""0"",""0"",""0"",""0"",""0"",""0"",""0"""
"83,""92_C2_T0-18h"",""C"",""t0"",0,""Control_t0"",""G92"",""C2"",""Winter"",""t0_control"",""pcr2"",""C"",""7"",""22"",""69"",""271"",""0"",""6"",""10"",""0"",""0"",""0"",""217"",""73"",""17"",""11"",""12"",""17"",""7"",""65"",""10"",""0"",""161"",""0"",""0"",""0"",""0"",""25"",""0"",""0"",""0"",""0"",""0"",""0"",""0"""
"84,""92_C2_T0+6M"",""C"",""t0+06m"",0.15,""Control_t0+06m"",""G92"",""C2"",""Summer"",""t0+06m_control"",""pcr2"",""C"",""28"",""15"",""69"",""227"",""0"",""8"",""6"",""4"",""17"",""0"",""237"",""33"",""0"",""5"",""0"",""13"",""13"",""44"",""5"",""0"",""243"",""0"",""0"",""0"",""0"",""33"",""0"",""0"",""0"",""0"",""0"",""0"",""0"""
"85,""92_C3_T0+6M"",""C"",""t0+06m"",0,""Control_t0+06m"",""G92"",""C3"",""Summer"",""t0+06m_control"",""pcr2"",""C"",""19"",""19"",""66"",""227"",""0"",""5"",""8"",""0"",""35"",""0"",""246"",""27"",""0"",""8"",""0"",""7"",""7"",""40"",""5"",""11"",""227"",""0"",""0"",""0"",""0"",""43"",""0"",""0"",""0"",""0"",""0"",""0"",""0"""
"86,""92_S1_T0-18h"",""S"",""t0"",0,""Shade_t0"",""G92"",""S1"",""Winter"",""t0_shade"",""pcr1"",""C"",""4"",""1"",""89"",""207"",""15"",""7"",""15"",""0"",""19"",""12"",""217"",""28"",""0"",""6"",""0"",""20"",""0"",""29"",""3"",""0"",""328"",""0"",""0"",""0"",""0"",""0"",""0"",""0"",""0"",""0"",""0"",""0"",""0"""
"87,""92_S1_T0+1.5Y"",""S"",""t0+1.5Y"",0.7,""Shade_t0+18m"",""G92"",""S1"",""Winter"",""t0+18m_shade"",""pcr4"",""C"",""11"",""23"",""21"",""102"",""0"",""2"",""3"",""2"",""0"",""0"",""400"",""37"",""0"",""2"",""0"",""0"",""0"",""0"",""5"",""0"",""392"",""0"",""0"",""0"",""0"",""0"",""0"",""0"",""0"",""0"",""0"",""0"",""0"""
"88,""92_S2_T0-18h"",""S"",""t0"",0,""Shade_t0"",""G92"",""S2"",""Winter"",""t0_shade"",""pcr2"",""C"",""17"",""18"",""74"",""230"",""0"",""14"",""8"",""8"",""0"",""0"",""265"",""35"",""11"",""11"",""0"",""5"",""9"",""43"",""5"",""0"",""207"",""0"",""0"",""0"",""0"",""40"",""0"",""0"",""0"",""0"",""0"",""0"",""0"""
"89,""92_S2_T0+1.5Y"",""S"",""t0+1.5Y"",0.65,""Shade_t0+18m"",""G92"",""S2"",""Winter"",""t0+18m_shade"",""pcr4"",""C"",""15"",""14"",""52"",""264"",""0"",""3"",""4"",""2"",""0"",""0"",""340"",""29"",""0"",""5"",""0"",""0"",""0"",""29"",""4"",""0"",""239"",""0"",""0"",""0"",""0"",""0"",""0"",""0"",""0"",""0"",""0"",""0"",""0"""
"90,""92_S2_T0+6M"",""S"",""t0+06m"",0,""Shade_t0+06m"",""G92"",""S2"",""Summer"",""t0+06m_shade"",""pcr2"",""C"",""11"",""11"",""68"",""232"",""0"",""4"",""16"",""8"",""28"",""0"",""267"",""38"",""0"",""12"",""0"",""13"",""0"",""38"",""7"",""0"",""247"",""0"",""0"",""0"",""0"",""0"",""0"",""0"",""0"",""0"",""0"",""0"",""0"""
"91,""92_S3_T0+6M"",""S"",""t0+06m"",0,""Shade_t0+06m"",""G92"",""S3"",""Summer"",""t0+06m_shade"",""pcr3"",""C"",""19"",""14"",""18"",""104"",""0"",""2"",""4"",""0"",""0"",""0"",""432"",""32"",""0"",""8"",""0"",""0"",""0"",""0"",""3"",""0"",""364"",""0"",""0"",""0"",""0"",""0"",""0"",""0"",""0"",""0"",""0"",""0"",""0"""
"92,""P1R2_C1_T0-18h"",""C"",""t0"",0,""Control_t0"",""GP1R2"",""C1"",""Winter"",""t0_control"",""pcr2"",""C"",""8"",""27"",""69"",""354"",""0"",""24"",""0"",""0"",""0"",""0"",""228"",""77"",""66"",""11"",""0"",""12"",""12"",""102"",""10"",""0"",""0"",""0"",""0"",""0"",""0"",""0"",""0"",""0"",""0"",""0"",""0"",""0"",""0"""
"93,""P1R2_C2_T0-18h"",""C"",""t0"",0,""Control_t0"",""GP1R2"",""C2"",""Winter"",""t0_control"",""pcr2"",""C"",""20"",""14"",""85"",""330"",""0"",""0"",""0"",""0"",""0"",""0"",""227"",""95"",""54"",""6"",""10"",""13"",""8"",""81"",""13"",""0"",""0"",""0"",""0"",""0"",""0"",""44"",""0"",""0"",""0"",""0"",""0"",""0"",""0"""
"94,""P1R2_C2_T0+1.5Y"",""C"",""t0+1.5Y"",0,""Control_t0+18m"",""GP1R2"",""C2"",""Winter"",""t0+18m_control"",""pcr4"",""C"",""8"",""10"",""42"",""408"",""0"",""2"",""0"",""0"",""0"",""0"",""0"",""86"",""62"",""2"",""10"",""4"",""0"",""77"",""2"",""0"",""287"",""0"",""0"",""0"",""0"",""0"",""0"",""0"",""0"",""0"",""0"",""0"",""0"""
"95,""P1R2_C2_T0+6M"",""C"",""t0+06m"",0,""Control_t0+06m"",""GP1R2"",""C2"",""Summer"",""t0+06m_control"",""pcr2"",""C"",""29"",""22"",""153"",""458"",""0"",""0"",""0"",""0"",""0"",""0"",""0"",""94"",""74"",""11"",""15"",""14"",""0"",""89"",""11"",""0"",""0"",""0"",""0"",""0"",""0"",""30"",""0"",""0"",""0"",""0"",""0"",""0"",""0"""
"96,""P1R2_C3_T0+1.5Y"",""C"",""t0+1.5Y"",0.15,""Control_t0+18m"",""GP1R2"",""C3"",""Winter"",""t0+18m_control"",""pcr4"",""C"",""19"",""12"",""120"",""589"",""0"",""0"",""0"",""0"",""0"",""0"",""0"",""69"",""90"",""6"",""0"",""8"",""0"",""81"",""6"",""0"",""0"",""0"",""0"",""0"",""0"",""0"",""0"",""0"",""0"",""0"",""0"",""0"",""0"""
"97,""P1R2_S1_T0-18h"",""S"",""t0"",0,""Shade_t0"",""GP1R2"",""S1"",""Winter"",""t0_shade"",""pcr2"",""C"",""28"",""11"",""154"",""449"",""0"",""0"",""0"",""0"",""0"",""0"",""0"",""91"",""77"",""18"",""10"",""24"",""0"",""91"",""16"",""0"",""0"",""0"",""0"",""0"",""0"",""31"",""0"",""0"",""0"",""0"",""0"",""0"",""0"""
"98,""P1R2_S1_T0+1.5Y"",""S"",""t0+1.5Y"",0,""Shade_t0+18m"",""GP1R2"",""S1"",""Winter"",""t0+18m_shade"",""pcr4"",""C"",""13"",""8"",""41"",""316"",""0"",""4"",""3"",""0"",""0"",""0"",""325"",""62"",""0"",""3"",""0"",""1"",""1"",""51"",""1"",""0"",""171"",""0"",""0"",""0"",""0"",""0"",""0"",""0"",""0"",""0"",""0"",""0"",""0"""
"99,""P1R2_S1_T0+6M"",""S"",""t0+06m"",0,""Shade_t0+06m"",""GP1R2"",""S1"",""Summer"",""t0+06m_shade"",""pcr2"",""C"",""13"",""17"",""59"",""250"",""0"",""12"",""10"",""6"",""0"",""0"",""244"",""59"",""4"",""8"",""4"",""15"",""12"",""55"",""10"",""0"",""198"",""0"",""0"",""0"",""0"",""24"",""0"",""0"",""0"",""0"",""0"",""0"",""0"""
"100,""P1R2_S2_T0-18h"",""S"",""t0"",0,""Shade_t0"",""GP1R2"",""S2"",""Winter"",""t0_shade"",""pcr2"",""C"",""21"",""24"",""65"",""248"",""0"",""6"",""4"",""0"",""0"",""0"",""174"",""89"",""61"",""8"",""6"",""12"",""9"",""97"",""8"",""0"",""135"",""0"",""0"",""0"",""0"",""33"",""0"",""0"",""0"",""0"",""0"",""0"",""0"""
"101,""P1R2_S2_T0+1.5Y"",""S"",""t0+1.5Y"",0,""Shade_t0+18m"",""GP1R2"",""S2"",""Winter"",""t0+18m_shade"",""pcr4"",""C"",""16"",""8"",""110"",""603"",""0"",""0"",""0"",""0"",""0"",""0"",""0"",""79"",""100"",""3"",""0"",""3"",""0"",""72"",""6"",""0"",""0"",""0"",""0"",""0"",""0"",""0"",""0"",""0"",""0"",""0"",""0"",""0"",""0"""
"102,""P1R2_S2_T0+6M"",""S"",""t0+06m"",0,""Shade_t0+06m"",""GP1R2"",""S2"",""Summer"",""t0+06m_shade"",""pcr2"",""C"",""13"",""13"",""81"",""319"",""0"",""21"",""0"",""0"",""0"",""0"",""225"",""87"",""54"",""8"",""0"",""19"",""0"",""75"",""16"",""0"",""0"",""0"",""0"",""0"",""0"",""69"",""0"",""0"",""0"",""0"",""0"",""0"",""0"""
"103,""P1R2_S3_T0+1.5Y"",""S"",""t0+1.5Y"",0,""Shade_t0+18m"",""GP1R2"",""S3"",""Winter"",""t0+18m_shade"",""pcr4"",""C"",""18"",""12"",""41"",""355"",""0"",""4"",""3"",""0"",""0"",""0"",""251"",""51"",""0"",""4"",""0"",""11"",""5"",""62"",""3"",""0"",""180"",""0"",""0"",""0"",""0"",""0"",""0"",""0"",""0"",""0"",""0"",""0"",""0"""
